_id,avAg,avAu,av,
1422661605429,0.6726725508795416,0.8910834737488488,0.5471324938278128,
1422643305022,0.6115977685507191,0.8534199505819856,0.5470927210641592,
1422654285191,0.6681361238700566,0.8842045811121554,0.5470354229287681,
1422646965077,0.6065743724887801,0.85694391533575,0.5471351847217625,
1422635984822,0.5791312599634785,0.8142393757925083,0.5470089058335886,
1422570103254,0.8974712430772417,0.7510315235455315,0.5470202839290343,
1422628664628,0.5689977709067975,0.7903364839694941,0.5470190580840173,
1422617684401,0.5804533657665673,0.7924375789829412,0.5469194766953445,
1422650625153,0.6713738011490035,0.8803196996582073,0.5470773452230405,
1422639644908,0.5986609019936194,0.8446195328048828,0.5471049953731291,
1422533502508,0.8304226119596564,0.8248557582845442,0.5469741511206817,
1422581083482,0.9000511390310315,0.7732800854983994,0.5470133558486522,
1422592063772,0.8998541295431248,0.7689478706051134,0.5470763604853712,
1422515202111,0.8665735083437736,0.8732112535872831,0.5470988141558422,
1422562783205,0.8981666500407396,0.7502295415056625,0.5470381003795619,
1422632324718,0.5615597713004619,0.7851076291941246,0.5470418149346072,
1422573763331,0.8973537198797231,0.7529250530669415,0.5470021454847752,
1422595723863,0.8999113147005728,0.7718850626838683,0.5470481445843361,
1422544482723,0.8092259854426229,0.8116266164874353,0.54687218138357,
1422379778861,0.8732170657666184,0.9091577127161552,0.5463828989899504,
1422526182415,0.8383828220500181,0.8383597781433046,0.5469528773226455,
1422537162589,0.8175465601805536,0.81307528347404,0.547082718059345,
1422566443231,0.8973192593495276,0.7521764000015931,0.5469970827206103,
1422507881899,0.8709978916683354,0.8736920850800373,0.5470875289359141,
1422518862221,0.8564804251459445,0.8635152116882375,0.5469929603278211,
1422540822608,0.8165366220678455,0.820488381175817,0.5469782448667305,
1422548142817,0.8046764216666674,0.7959368918885417,0.5467650502385717,
1422339518368,0.8476022241201238,0.8445117027072995,0.5470931570467169,
1422500561687,0.8858966380492216,0.8701822108142111,0.5470274636619309,
1422522522321,0.8494886796087341,0.8589546199382571,0.5470639149096057,
1422529842418,0.8411825503832,0.8404436963429851,0.5469137624775281,
1422368798765,0.8501832140923046,0.8693902833932833,0.5468869980605001,
1422321217914,0.8448199259920506,0.8353218878409193,0.5471380077449239,
1422383438913,0.8673304815701203,0.9022051672856553,0.5464229946818971,
1422511541996,0.8706595716239,0.8717794145038691,0.5471343541165289,
1422485921375,0.8826806861401051,0.8829973792813804,0.5470967014959989,
1422493241569,0.8802165699363338,0.879462105707676,0.5470931395363381,
1422343178563,0.8445613053893285,0.8549026654683296,0.5471261142903294,
1422365138703,0.8477124724748755,0.8630595486238813,0.5469125377116258,
1422376118780,0.866824439734394,0.901415401350798,0.5464222741146187,
1422313897731,0.8523107868897483,0.8605587919121556,0.5471939425264593,
1422346838558,0.8569747311532674,0.8573973731405578,0.5471491011509552,
1422354158588,0.8499293240660852,0.8533215087642417,0.5468384551745734,
1422277137681,0.8936254051594509,0.8463676752459833,0.5475070153543576,
1422328538128,0.8345687471604519,0.8360125330886439,0.5471171547571102,
1422335858282,0.84413897538678,0.8382380834763394,0.547101747972797,
1422240536995,0.9704471672219296,0.9386650038664394,0.5477553532432707,
1422625004517,0.5742379838899189,0.7878506987227498,0.5468862380699151,
1422273477583,0.9034452937460886,0.8604250527232149,0.5475458070803556,
1422610364196,0.5409075056642324,0.781619851235098,0.5467785229598401,
1422050012310,0.9442688618227689,0.9067634641519258,0.5466238945088995,
1419959891715,0.2758292169083587,0.41755349341998854,0.5449020864935756,
1422002431653,0.9545429426788122,0.9285090625427116,0.5460862758649702,
1420214597204,0.16401767533815043,0.3279395275453531,0.5447258155243737,
1421984131309,0.9598895412333055,0.9469623545761493,0.5459734426030527,
1422244197014,0.9647433298279967,0.9317469166879182,0.5478031192791072,
1421962171001,0.9697407903054263,0.9597302092777266,0.5456377902388707,
1422024391890,0.952350324769183,0.9280500773924275,0.5469296862710428,
1422046352311,0.9367087699018734,0.8931333934815118,0.5465909823375309,
1420434050215,0.24843131671513213,0.3958655412231697,0.5444681293424002,
1422006091659,0.9506437704987015,0.9274321881358581,0.5461896015826835,
1421965831004,0.9558668993134284,0.9515852682662062,0.5456932544639931,
1421628488582,0.7793631004780812,0.8126593330582946,0.5451552298957866,
1421895673093,0.8816839626643506,0.874550203420979,0.5449513785385011,
1420840990613,0.4104660996408761,0.5369939543474115,0.5436391420849302,
1417373367294,0.08150479446653613,0.19221053824403259,0.5490574980788965,
1421947530776,0.9326219745344766,0.9513920336961698,0.5454410527838182,
1419264123723,0.2490396781718526,0.3677891206276398,0.5453778548990927,
1419428826705,0.20462045863629244,0.2952569237843086,0.5454019858498249,
1421969491106,0.9534379011002474,0.9480734968142708,0.5456324420819566,
1421941201049,0.928879644353076,0.9227172248909059,0.5452737025460891,
1422251517228,0.9492616701031505,0.9192129290812641,0.5477462808266682,
1421899333299,0.8868605712848731,0.8806568963104163,0.5449473289240081,
1421910313401,0.8743829076956973,0.8585320098522556,0.5449654191401674,
1421881032910,0.8864508383520484,0.8870683753303269,0.544907471144342,
1420690927543,0.4273429902670002,0.4765427173425009,0.5441742172734526,
1421928613663,0.878073646578674,0.8521410964434707,0.5448903976328792,
1417384347460,0.08265511719673561,0.19185568146584075,0.5490814716448937,
1421884693034,0.8871393934374471,0.904443125190831,0.5448410081066911,
1421833452035,0.8739621705539317,0.9264048204385957,0.5452469398065486,
1420543852429,0.35162603068402815,0.4869947768511991,0.5444690755534268,
1420720208123,0.4143944003377782,0.46674233062569787,0.5440116777278577,
1421995111549,0.9603587258511825,0.9319054998964803,0.5461755975256695,
1418607253615,0.5167622726214511,0.4770221851872835,0.5468327591363122,
1421815151651,0.8470565668072467,0.9046477482704609,0.5452041120176138,
1421701689784,0.7690578459939316,0.8085958062802703,0.5450412417060672,
1421848092341,0.868495374723067,0.9188581705712593,0.5452566264225331,
1419593884965,0.23534178121972282,0.35737098015846475,0.5453932639924852,
1421855412469,0.892127911724012,0.9016321069504573,0.5451468118186661,
1421829791934,0.8746289418537233,0.919250044259853,0.5452260106989273,
1421767570843,0.7802653164319713,0.8614864146619478,0.5451146437239415,
1417435588195,0.12048022528275126,0.22856513858500335,0.5489049398191945,
1420628033703,0.4366858331125484,0.5117522169699231,0.5441491679968927,
1421778551070,0.8065499550452205,0.903739091981767,0.5451986873197702,
1419465427120,0.18766158345747536,0.27951030218591644,0.5453460459477333,
1421749270744,0.804990900615864,0.8779436969646475,0.5451604425770368,
1421774890967,0.8038635343237152,0.8938006776396982,0.5451886909933074,
1421782211106,0.8316351684958463,0.8924125253843801,0.5451992427264047,
1421987791337,0.9614775067953139,0.9353248411291011,0.5459709462853376,
1421723650179,0.7662244762715114,0.8117862108343262,0.5451842510895288,
1418687775121,0.3440338027809763,0.342951608724768,0.5470560858738182,
1419461767095,0.178561793881946,0.28017120527525713,0.5453524109720601,
1419956231570,0.27528328953230663,0.4246168736014017,0.5448821450384648,
1421763910818,0.7821862198861412,0.8518682425207021,0.5452154097090367,
1421705350012,0.7704039535852101,0.8078745819614238,0.5450009767339227,
1421687049566,0.7691084969955665,0.7994590272363953,0.5450393020984561,
1420492611394,0.33712096654917423,0.44962322700153484,0.5443250209562708,
1417753380968,0.09307034509244964,0.36957933738302956,0.5472089155799524,
1421716330074,0.7686275413201483,0.8043624293780673,0.5451885095503961,
1421727310684,0.7682054950376335,0.8147430642373162,0.5451928760126753,
1421921293657,0.8825548958776499,0.8580324151493457,0.5448998933692578,
1419004258820,0.23244849484010213,0.3718309165297497,0.545451154665507,
1421668749104,0.7629722765808427,0.805484453438374,0.5450188413250222,
1421690709662,0.7672048421346614,0.8066326653867548,0.5450449302552587,
1421998771635,0.9532538040779652,0.9327857346122161,0.5461680165894188,
1421698029773,0.7687368906996005,0.8016647076568996,0.545078296344173,
1420620713164,0.43175457925065136,0.49657242627742465,0.5444828547815522,
1421665089026,0.7648946762366718,0.805502916823095,0.5450710161832024,
1421672409418,0.7678200380503502,0.8081364494031444,0.5450007255560475,
1421679729400,0.7705543721666908,0.8075545507958904,0.5451239918718088,
1421657768981,0.7673565487866849,0.8020276984260575,0.5452155158532028,
1418369349370,0.5234089276149406,0.47115778362534,0.5465347115078996,
1421661428969,0.7701790905926286,0.8084652445215491,0.5451821517485507,
1421225023428,0.5680891712269126,0.5848430979954551,0.5450084722730926,
1421654108939,0.7689867494168462,0.808154843214697,0.5452604357355858,
1421937527789,0.8948286600444689,0.8817156124960823,0.5449031296832446,
1421188697288,0.5905540369952155,0.581718406374065,0.5439630916981422,
1421807831536,0.8434175056677441,0.8940697166126036,0.5452202631387981,
1419586564817,0.23397611896633033,0.335991305183748,0.5454513256291387,
1421224725139,0.5680891712269126,0.5848430979954551,0.5450084722730926,
1421224975445,0.5680891712269126,0.5848430979954551,0.5450084722730926,
1421228683554,0.5553804053776636,0.5696819012608554,0.544896231290587,
1421185037163,0.5880072076692527,0.5821876453138994,0.5439748957846616,
1421144776234,0.48957339021878143,0.6160848864281658,0.5439638637944364,
1421935933788,0.8948286600444689,0.8817156124960823,0.5449031296832446,
1421159416606,0.4981066529967592,0.6204427188075919,0.5440218972691732,
1418031617626,0.1046664917680839,0.3457030733483423,0.546489094156505,
1421126475785,0.4647879419473272,0.5965779833084918,0.5438344243382434,
1421166736776,0.5039666602256514,0.6044929723463274,0.543982404445103,
1421133795919,0.4586569794701596,0.5943011471703546,0.5438560719041221,
1421862732619,0.8537152860931775,0.8713981764148394,0.5450715307859016,
1420466990871,0.24644342471492997,0.4037161441990257,0.5445083012566174,
1421141116123,0.4861722449114889,0.6225688305570717,0.5439460222514784,
1421122815756,0.46724876345584765,0.6022703704598756,0.543862106647304,
1421089874963,0.43593698208111864,0.5855963754209512,0.5436683293128377,
1422621344505,0.5692939090840243,0.7897402159392959,0.5468064548157686,
1418993278742,0.241479799753129,0.3805396937505779,0.5455995895645958,
1421130135914,0.4647569306612106,0.5985663375596209,0.5438450247733564,
1419337324946,0.177147038749148,0.2946169929790141,0.5453944550463332,
1421932273704,0.8638169382974845,0.844468215010192,0.5448592571767736,
1418947640228,0.22627117580513534,0.3796600063499374,0.5458798708770061,
1421137456015,0.4658212772161167,0.6096516122012706,0.5439153980949187,
1418098128391,0.31385264048339456,0.37468252450265055,0.5461057531683908,
1421071574747,0.4146504423657909,0.544017741160315,0.5437006841904072,
1421078894804,0.41604799780078133,0.5554164769351099,0.5437642338980399,
1421086214926,0.4087612548425042,0.5629983404597677,0.5436993469627062,
1421093535092,0.4423251853347758,0.5917488636207565,0.5436579479553841,
1421082554870,0.4092529019917671,0.5549655140272719,0.5437444893264181,
1421075234775,0.4149622417133701,0.5533734456126723,0.5437179486322321,
1420822690163,0.41179906640717423,0.5142497647169191,0.5436027449007409,
1421056934538,0.4177433254997,0.539677998809667,0.5438970773263989,
1421053274434,0.4206927510400105,0.558720356302749,0.5437133749380818,
1421049614388,0.4189809585669393,0.5582092674887821,0.5437258226396731,
1421042294202,0.4100283640695309,0.5465185182264668,0.5437288660097157,
1421038634091,0.4143247967775041,0.5456545565171771,0.5437018536507401,
1421851752452,0.8751947137381865,0.9284622160706947,0.5451544933540095,
1417281865438,0.08087377012531229,0.19130968451252595,0.5491515039218858,
1421734630517,0.7689409184932702,0.8084765877168191,0.5452077196164862,
1418706075507,0.33492215988764706,0.35719010074102064,0.5470332850820145,
1419333664858,0.1757439418810843,0.30085879913674546,0.5453813731855837,
1421045954231,0.414075655206582,0.554413797873867,0.5437240688126151,
1421023993778,0.41654416384430815,0.5461240785575634,0.5436014606197018,
1420844650670,0.4095432133663296,0.5372623254606866,0.5436466314390257,
1418907379634,0.26767634940993057,0.42764275018897463,0.5463098204041648,
1421958510904,0.9611206392448287,0.9473145776453907,0.5455297684457584,
1421027653795,0.41628340722162516,0.5400965271508288,0.5436045772488394,
1420837330557,0.4002219361563191,0.5260520631454384,0.5436148577292793,
1418083488241,0.31960780289627844,0.38406202235470366,0.546327730161731,
1420833670473,0.40051259525818506,0.5158834899759449,0.5436274884173707,
1420547512515,0.35002445476489263,0.47786494967227205,0.5444515796764918,
1420826350331,0.39942130728922426,0.5134798339228789,0.543631280664586,
1418409610213,0.5247200752228391,0.4766921148891834,0.5468151770967837,
1420819030070,0.39408042871799004,0.4971618645891924,0.5437422292048725,
1421844432236,0.8562052791066221,0.9074801430665065,0.5451982244920133,
1420811710021,0.37824375938963806,0.4874693331224479,0.5437486911089319,
1421676069322,0.7743210822824378,0.8126033834762119,0.5450888883339854,
1420815370067,0.39250291793996217,0.4969010124102025,0.5437085060972519,
1417710759003,0.0941117204787889,0.39523488821572955,0.547362299752824,
1420808049922,0.3757378445755789,0.4870999044513108,0.5437919058158835,
1420800729761,0.38051532467441246,0.4839360840493396,0.5438229897312498,
1420797069611,0.38542628299207216,0.48781048414593847,0.5438938555347163,
1420778769205,0.38797150392688295,0.4834270111690011,0.5439056419528153,
1421111835469,0.44018755192553527,0.5824498419687284,0.5436727895051778,
1420764128793,0.3904230565644346,0.47302194084157717,0.5438663963875017,
1420760468721,0.3895636450426458,0.476436003297943,0.5438734672425777,
1420756808714,0.38918371780266636,0.47682432740358893,0.5438926810915082,
1421064254634,0.4095095374625674,0.5255289418889917,0.5438286934239349,
1420745828500,0.3916555809965463,0.4718931872885678,0.5438513690222828,
1420742168411,0.4210908823694993,0.49613713351218924,0.5438013022059549,
1420738508372,0.42158050315494233,0.49620210639761414,0.5437801812012591,
1420727528220,0.43174826031942914,0.49049343916868776,0.5439269319593362,
1420723868129,0.41617062216951645,0.47909048358101175,0.5439799279866308,
1420712887939,0.4226832255691257,0.4742019324485502,0.5441079878707359,
1422236876873,0.9567829007773769,0.9296687700357104,0.5476698751895119,
1421193417138,0.5909837294834741,0.5783004439957145,0.5441460630823395,
1420709227815,0.4211145167525728,0.4720059569763359,0.5441408996071483,
1422042692278,0.9384315199529599,0.9006848009470301,0.5465622748986275,
1420687267449,0.43327006599173296,0.48938167658110754,0.5441619264966336,
1420683607400,0.4371110812749028,0.4940505536324903,0.5441450185555302,
1418177160153,0.5229223494352854,0.4921637773000274,0.5462276069521806,
1419223863029,0.26344131218580424,0.38035036577433584,0.5452117355610404,
1420676287245,0.43815915241631775,0.49186724383998803,0.5440627523871575,
1420664634305,0.439535340235934,0.4963006890684524,0.544044854522768,
1417167754857,0.3077585853601625,0.2795430825006393,0.5492539018667479,
1420653677804,0.45674779435889334,0.5009010692096751,0.5440940497188373,
1420657314012,0.45548299008435916,0.49945811829297476,0.544108711360904,
1422302917591,0.8542204833023318,0.852295997079114,0.547054706288056,
1420646333911,0.4287040126845655,0.49439705811899015,0.5441247047155573,
1420635353685,0.4333075321367341,0.50100218109833,0.5440343096012561,
1420631693776,0.435936069697259,0.5032239281720557,0.5440844320404588,
1421192357239,0.5909837294834741,0.5783004439957145,0.5441460630823395,
1417699778798,0.0987306043668699,0.38005298834641926,0.5471808324847416,
1420613392969,0.43071703057498895,0.49590651448680156,0.5444913195015264,
1421822471878,0.858991738352926,0.920070420647093,0.5451938722355317,
1420598752656,0.438625150581755,0.5101876599115264,0.5445048571233068,
1420595092550,0.4341522294640457,0.5161965468907107,0.5444660003367985,
1420591432451,0.4450229763028715,0.5171244653168672,0.5444178065576385,
1420580452267,0.4430033199056265,0.5191642333248695,0.5443784710519037,
1418314448449,0.5317352764935672,0.4717823256780594,0.5464714084681119,
1420573132868,0.3928312273975672,0.5183115763584523,0.5443675041414673,
1420569472866,0.39206026855179144,0.5164529245614734,0.5443583223566497,
1420565812831,0.3525486402240477,0.4991284170829888,0.5443349296282954,
1420554832631,0.34138725192849206,0.48530651068215963,0.5444195909524565,
1420463330766,0.23980458484096567,0.3785383039588817,0.5445427397417314,
1421632148687,0.7825763984318297,0.814900638005683,0.5451484766308794,
1420536532249,0.34140419569965325,0.4689617113317224,0.5443008063415101,
1420532872110,0.35011997495446934,0.47389174938904344,0.5442203550153175,
1418365689450,0.5218877296246054,0.4653311587386303,0.5465315145690196,
1421224915439,0.5680891712269126,0.5848430979954551,0.5450084722730926,
1420525551988,0.33670028764524446,0.4539723892020514,0.544286451489928,
1420521891860,0.33932769987626266,0.4617418875224979,0.5442638017914676,
1417307485874,0.08095346935495755,0.19139102511913877,0.5490678062716391,
1420518231854,0.3373511378323056,0.45030886333626946,0.5442826769050866,
1420514571742,0.33393863478793007,0.44667178825890713,0.5442970523973323,
1422262497374,0.9340826075811692,0.9025915409227017,0.5478215033287108,
1419392225998,0.19440216070992117,0.29721629056450427,0.5453436426049248,
1420716548033,0.41540059764227877,0.46835452020232077,0.5440695015670775,
1420507251553,0.32619962736369174,0.43880999892239125,0.5442885575634853,
1420503591528,0.3280311971508701,0.4425214014343232,0.5443525423376588,
1418199125652,0.5395201079974045,0.5301323726375565,0.5462058201985591,
1418380329753,0.5360995938453625,0.48853644676653035,0.5465732233285411,
1420804389817,0.37822086958488693,0.4873166300758668,0.5438267501729621,
1420499931528,0.33343032577584364,0.4607856402988397,0.5443271577857619,
1420540192318,0.35673343263894236,0.4874245677151848,0.5443884248927885,
1420496271481,0.3346311128753388,0.4502817508163062,0.5443359426475821,
1420488951285,0.33697318306146296,0.43977333970459503,0.5443508824934377,
1420485291195,0.33335838312075905,0.43765305428642576,0.5443707098640498,
1420705567814,0.4193472554669316,0.4746192296722612,0.5441308940482181,
1420477971089,0.2588446651574557,0.4087929408597375,0.544466828975701,
1421100855235,0.4388111012696591,0.5864847388283093,0.5436735887963143,
1419872050103,0.2650518763574423,0.32187465624657685,0.545116025228652,
1420459670670,0.2484870336423946,0.38396790146230625,0.5445103888996277,
1418669475065,0.5003105653100806,0.42416316809438803,0.5470731587945692,
1417764360721,0.09336234101696195,0.37634202323137406,0.5471827950081829,
1422031711982,0.9301095658703319,0.8858457093722425,0.546562046081186,
1417314806067,0.08134772806772576,0.19200269355172067,0.5490938601051606,
1420660974087,0.43772195059988067,0.5001703303078863,0.5440702309662785,
1420448690538,0.25669596609961065,0.4041358464290346,0.5443967871577552,
1421119155670,0.45630396823268177,0.5990490930612119,0.5438146692439905,
1420452355560,0.25548170365512346,0.4028459442792204,0.5444109793739641,
1420423069958,0.21687248158628047,0.3622671604575761,0.5444905578708876,
1420430390169,0.24740221118031444,0.39409688306962737,0.544423881106103,
1419227523148,0.2624890897492098,0.37929216075050826,0.5451910630263367,
1422317557806,0.8574373411070902,0.8595781019992726,0.5472316409067374,
1420426730067,0.250343780212062,0.3871172372740543,0.5444133447950257,
1420232897536,0.2052870135610412,0.3512877073980729,0.544655949258576,
1421060594645,0.41514242061125395,0.5314302439586325,0.5438987059729067,
1420445030430,0.25824858932937905,0.4118510446522571,0.5444836853179066,
1420419409873,0.20666709995472005,0.3369230584804677,0.5445341135917457,
1417322126362,0.08135200363361171,0.19200236820017483,0.5490960617836235,
1420419055080,0.20666709995472005,0.3369230584804677,0.5445341135917457,
1421888353212,0.8852233995584762,0.8809089077493143,0.5448781459147737,
1420416454542,0.20666709995472005,0.3369230584804677,0.5445341135917457,
1420414739482,0.21710962387304422,0.37568555572820095,0.5444977738494049,
1420602412709,0.43982251917022513,0.5122775106259834,0.5445080474531105,
1420240217590,0.20550879020039758,0.3665457950380193,0.5446214625388842,
1419546303942,0.1811851814106743,0.27848064051438465,0.5455095442118414,
1420229237519,0.20295982976095678,0.34258866096044505,0.5446769819093652,
1420225577416,0.20886678215285562,0.34450836957629766,0.5446614243150364,
1419253143405,0.26330673050694536,0.37022373719400703,0.5453257388774356,
1422013411670,0.952106700394129,0.9328004336454986,0.5465686807578188,
1421840772156,0.8669976833883922,0.9151642088566455,0.5452251319860876,
1420221917407,0.20013503303718463,0.36123939927775595,0.5446183239344611,
1419366605550,0.1919594679638321,0.2858492616605398,0.5453426662811822,
1418954960406,0.24045061937763335,0.39006504456679586,0.5457528732141379,
1419249483396,0.2670954690066846,0.3757422690494045,0.545242537935789,
1420210937175,0.16186952517583558,0.2862961029032472,0.5447938840437234,
1420782429301,0.388919250584227,0.48322640443604326,0.5439035115357288,
1419952571522,0.23403702631374207,0.41405135131299914,0.5448728459697105,
1422606704092,0.8991151700109246,0.7799508632228814,0.5470165553457077,
1421951190798,0.9295748151773962,0.9420488506863289,0.5453968145117613,
1419948911485,0.22757033717929984,0.3814707112701339,0.54487733133761,
1419945251475,0.213005105194905,0.32779817656610544,0.5449359512448693,
1418116428493,0.32732179941515294,0.39364607604464574,0.5460256151492764,
1419941591431,0.22131782626922708,0.3430263968893972,0.5449449131631587,
1422489581434,0.8820181777918275,0.8792801679550605,0.5471322913121311,
1420679947254,0.43909968137314315,0.49782192771123357,0.544062989939167,
1419937931317,0.22042872341107925,0.34375597687305726,0.5449592726831052,
1419930611228,0.2208536548042479,0.3484310660651054,0.5450376282430971,
1419912310747,0.21346171642321052,0.3459902888404011,0.5450709250926642,
1419904990639,0.2119942904381626,0.336192938190493,0.5451136635284588,
1419901330627,0.2081562727250679,0.321480600060492,0.5451358944530618,
1421650448898,0.7648615614627607,0.8092068680302281,0.5451330439995649,
1419897670601,0.204738131725932,0.3215515326500585,0.5450761698597405,
1419894010808,0.20085702452849935,0.3263171599216556,0.545071181789108,
1420419223952,0.20666709995472005,0.3369230584804677,0.5445341135917457,
1419879370232,0.2512508296066735,0.31657250813442983,0.5451006693492386,
1419875710173,0.24991304644690912,0.31203230093078954,0.5450845073309297,
1419868390063,0.29080191129318467,0.35469501870900233,0.5451046684549214,
1419864730111,0.29343707569040217,0.3693764576961944,0.5450822839899472,
1421635808776,0.7609193336634619,0.80660632754917,0.5451863669659806,
1419861069944,0.2848613386289966,0.35934774686168436,0.5450916759935053,
1419857409854,0.2932366427572333,0.3690855469917283,0.5449959713551864,
1418658494751,0.5002576640051843,0.42120186519845293,0.5468577059655731,
1419853749752,0.2937249367828356,0.3670975169495887,0.545013218853768,
1420456010724,0.2507667914107227,0.38765088821158467,0.544476737617134,
1420481631180,0.24701262865893256,0.4228876609738718,0.5444483999268576,
1421709009877,0.76955289735869,0.816777194226454,0.5450238123183597,
1419839109517,0.2982108210259271,0.37868816259278426,0.5451706502044038,
1421613767689,0.779265216431038,0.8191918172859652,0.5451397565557277,
1419835449377,0.29367010176131175,0.3751970523384527,0.54517966872056,
1419817148871,0.2867380969876938,0.3697580942692288,0.5452054883847561,
1419813488779,0.2931509335432278,0.3796739964219014,0.5451391237897877,
1420671760044,0.43547964317707444,0.4876920974041615,0.5440534922173255,
1419630485659,0.2905786276367569,0.3703790316907647,0.545256056540839,
1422280797796,0.9050806501808719,0.8630281739677454,0.5475037187564734,
1420587772335,0.4475024943057444,0.5096370109949715,0.5443987426653525,
1420753148618,0.3865104500497082,0.46953621042577603,0.5438953780835026,
1419626825565,0.29368804241966007,0.37745898292132024,0.5452984373096181,
1419634145716,0.2839887214532989,0.3816871689890957,0.5452885377229609,
1422310237688,0.8496725737919032,0.8595015553782215,0.5471769609562118,
1419623165436,0.29689877035984724,0.38271396023322324,0.5452981971272097,
1418035277688,0.10488054820613983,0.35328741356626214,0.5464875572457002,
1421067914737,0.4135542288980907,0.5275668329841938,0.5438285685889324,
1419604865227,0.23823104035602657,0.37739960418258317,0.5452881498433994,
1421730970412,0.7675299105144353,0.8119998044730519,0.5452018761357468,
1418321771736,0.5492256230678771,0.5046189137830687,0.5464534954230745,
1419601205141,0.24536882970168034,0.38377809359180076,0.5453246778481127,
1419597545174,0.244920773482281,0.3867502454724483,0.5453415376014302,
1421870052740,0.8956993267152636,0.887505954552649,0.545146773271,
1420606072775,0.4356640441998202,0.5054424782014026,0.5445031143661713,
1422657945292,0.6727349051197111,0.8918232732387134,0.5471126914824995,
1419590224855,0.23397611896633033,0.335991305183748,0.5454513256291387,
1419560944277,0.20774017579261506,0.31840298006692846,0.5454435982346686,
1420731188207,0.4353293072209132,0.5007422111386313,0.5438826447760872,
1418878099160,0.2541112432245142,0.38760085237578645,0.5469070195585284,
1418424250612,0.5130106640776271,0.46989278026222614,0.5467086807685436,
1418958620320,0.23703945300537385,0.38533718312642706,0.5457754284929689,
1418618233896,0.4985860622633626,0.4511599454186495,0.5467715758487833,
1419557284175,0.19364669037152124,0.2948940170213534,0.5455068379130665,
1419553624078,0.19008920693891848,0.2929441812329975,0.5454832496567803,
1420617053109,0.4303158348753399,0.5000885476731559,0.5445348171387878,
1419934271285,0.22576569230312538,0.34603740584962767,0.5449875405128236,
1418038937698,0.10509402024253234,0.3533781548737425,0.546498305510032,
1419406866224,0.2019971082798885,0.305633095780245,0.545366180484721,
1417303825956,0.08095794846625931,0.19139869105996282,0.5490697909253035,
1419538983817,0.18177993617820767,0.2792546315188018,0.5454023929659878,
1419531663803,0.18026790824567715,0.2781059963436661,0.5454906778730704,
1417156774786,0.3005723272334129,0.2651120012896973,0.5492791816306528,
1418985958624,0.23169720670698357,0.3819874049918709,0.5457240250594593,
1418911039938,0.2544889572898587,0.41398685568069216,0.5461816442394776,
1420771448999,0.3924703468039223,0.4845807879928419,0.5439090353002618,
1418643854498,0.5042437691109346,0.42638228562261005,0.5466919492341432,
1419524343690,0.1813898043157135,0.2797560156616822,0.5454819051324824,
1418016977338,0.10226808994304505,0.3360667229805496,0.5467867839815214,
1418151539585,0.4046239288347795,0.49947366171247215,0.5462179293044997,
1422306577588,0.8520988703117923,0.8532495225658089,0.5471142024669962,
1419469087224,0.1815271911563665,0.2797539908504733,0.5453722909303901,
1419454447019,0.18134243968356972,0.2795235633834741,0.5453731670643147,
1419447126866,0.1805224134548987,0.27711477877050805,0.545400072738776,
1417325786324,0.08135305630565588,0.19200350799459515,0.5490948760365614,
1417808133008,0.1012633284621527,0.32113797582901554,0.5469195631060048,
1419443466838,0.19535615380033855,0.28273553891181974,0.5454296716777158,
1419439806757,0.1880279391097962,0.2799805794533181,0.54542503152687,
1419436146748,0.1922286497086544,0.2769609842291621,0.5454506921871075,
1419890350462,0.2022682527922531,0.3196999865373026,0.5450680534531369,
1420576792536,0.4435733199319913,0.5083312243738288,0.5443848365373357,
1417340426839,0.08135677697104575,0.19200513111049797,0.5490844524464781,
1419425166626,0.20065434996780787,0.29156567023130886,0.5453915794484443,
1420734848256,0.43526544781881066,0.5026351923654344,0.5438015567719159,
1417663178239,0.09756565873007576,0.3989192410409242,0.5473935080673348,
1421954850797,0.9546334429492958,0.9405834071699922,0.5455387450369946,
1421906653293,0.8863872872788775,0.8799339397022654,0.5450102447952838,
1420236557554,0.2071986892846991,0.3612341011310257,0.5446380246738949,
1420624373466,0.42775722220916507,0.5017336394016668,0.5445071574270853,
1419300724388,0.17073030684794496,0.29268488090033884,0.545452269441254,
1419421506525,0.20072273020141487,0.29357191730433424,0.5453927504579275,
1421873712756,0.8985632715711721,0.8901240182312399,0.5450998007708202,
1421937540875,0.8948286600444689,0.8817156124960823,0.5449031296832446,
1419432486735,0.1965664564422927,0.2864707117057561,0.5454734521841219,
1419414186338,0.20773522735427943,0.3073651522642378,0.5453390950511817,
1419417846417,0.2069165347316513,0.30076346279937755,0.545385143102052,
1417171415043,0.3004293322496894,0.26637563960025556,0.549056872246692,
1419923291056,0.21424712470290241,0.3492177256988238,0.5450081193093977,
1419403206219,0.1987086898115484,0.30255212825731914,0.5453913216477841,
1417142134591,0.3038156534416242,0.27500958029308736,0.5494261983490095,
1419399546151,0.19560618159852006,0.3010692792234568,0.5453393911486251,
1421877372831,0.894778621272869,0.8897305716327712,0.5450451422867528,
1417703438993,0.09836686228719643,0.41119284467257217,0.5472184526334325,
1419582904651,0.22417720371861471,0.33458490051160383,0.5454414848482232,
1419238503278,0.2676532898265349,0.39036589416255013,0.5453114132195156,
1419395886058,0.19599261348097935,0.2988856341449933,0.5453373145322774,
1419381245859,0.19421114812789644,0.29206047272903424,0.5453391394790654,
1419377585893,0.19924675175739076,0.2759843519920373,0.5453616194001208,
1419637805822,0.28698665288666253,0.3819224014158518,0.5452870692745824,
1417289185537,0.0809553967864107,0.1913959131511102,0.5490725753459057,
1419348305185,0.17807624999295368,0.28867803008440984,0.5453231660353391,
1420218257304,0.20668293520197972,0.37844082977254284,0.5445848232568048,
1419311704714,0.17029456005743404,0.30199556654880677,0.5454507811428402,
1419293404283,0.17130940565338404,0.27726033745280965,0.5454535592825105,
1422247857120,0.9500682039640852,0.9247840484883395,0.5478187528257044,
1421152096435,0.49261824028766193,0.617432256910393,0.5440297929527086,
1417454896756,0.19343931145926047,0.34812148279691785,0.5487144771514074,
1418629214305,0.5151312608717261,0.4596737551307383,0.5468137547441121,
1419278764046,0.1623910277973067,0.27121056015584305,0.5454864340270577,
1420416366429,0.20666709995472005,0.3369230584804677,0.5445341135917457,
1419271443836,0.19808087254137613,0.29659101043445996,0.5454624694914351,
1421752930779,0.7990668920168937,0.8829212458901692,0.5451303198386666,
1419267783725,0.24509839412760798,0.3532491912379048,0.5453225137821988,
1422332198200,0.8441301816699427,0.8394169404610391,0.5471546493803873,
1421785871191,0.830144253698963,0.8871757676678363,0.5451433463226847,
1419260463623,0.2548032169370688,0.369493664050174,0.5453322913711037,
1421177716981,0.6004395966873298,0.599851548120711,0.5440257660160251,
1418158859794,0.5304876979766326,0.5088498496291465,0.5461783483669193,
1419256803931,0.26501816990395527,0.37297762760372033,0.545323449176373,
1419322684725,0.17702352194340362,0.3104746436548844,0.5454629140679591,
1417655863018,0.0970631708670837,0.3970922690020256,0.5473976482073406,
1419242163283,0.263510880876401,0.3761428503925117,0.5452705637711042,
1417134390857,0.3156166514790497,0.28474308453962777,0.5494824115837386,
1419528003784,0.1816195485755122,0.28004097528906824,0.545480063980396,
1419220203017,0.25595335105298417,0.3806566694919866,0.5451957618923478,
1417760700617,0.09324368821730893,0.37428070364635485,0.5472033616528982,
1419212883003,0.26740362837687337,0.3720167129586359,0.5451683971198014,
1419209222940,0.26804894116723077,0.3678342931391665,0.545204005784849,
1419571924501,0.2150194836860669,0.3252038012796079,0.5454547977775345,
1419029879566,0.2643239703272687,0.3699376504255309,0.5451346968644627,
1419007918993,0.24165241774720528,0.38066366130004553,0.5453690401056812,
1417735080301,0.0945191850210215,0.3856754531069592,0.5473044101075082,
1417206486101,0.08247707942939698,0.18168412774284812,0.5491934333097097,
1421719990097,0.7691716869127333,0.8096411466046312,0.5452625390931263,
1417134691312,0.3156166514790497,0.28474308453962777,0.5494824115837386,
1419619505430,0.2355829450959134,0.38374551695216763,0.5453134749366932,
1417256230587,0.08093593292667886,0.19137980822302697,0.5490873314238826,
1418002337208,0.10238673265348289,0.3176667008244429,0.5469338083781683,
1418943980048,0.22498204863052731,0.37976962683101234,0.5459010592145225,
1419000598887,0.22630368872609335,0.3806583534613013,0.5454826826545238,
1422361478700,0.8491740336010934,0.8547982072245102,0.5470134258147532,
1420558492727,0.3503667259120286,0.4810760271578674,0.5444289287478891,
1418996938855,0.241479799753129,0.3805396937505779,0.5455995895645958,
1418057238246,0.31888622135596584,0.3401505773070026,0.5464539302568875,
1419568264464,0.21089706426151056,0.3269367458329403,0.545425034545451,
1418982298427,0.23730474310345048,0.3843608571409854,0.545756917813082,
1418413270398,0.5145974380558399,0.4714853072663975,0.5466912628984334,
1419282424062,0.1571558915570674,0.2570018181255472,0.5454860645582682,
1420642673943,0.4217327558154297,0.49000779475584666,0.5440850620573003,
1417195505512,0.2494729320799829,0.24903722248167487,0.5490533665206293,
1418940320326,0.22578527127722384,0.3792620616769149,0.5458680033630625,
1421104515332,0.4412969011385696,0.5872998907970243,0.5436921404468607,
1420672627218,0.43265530711920364,0.48856094926127813,0.5440576036812252,
1418936660230,0.2324621248222124,0.38300422691322,0.54586165350751,
1422017071697,0.9516349400359947,0.9332085879580169,0.5466072821033393,
1419850089735,0.29294346999200094,0.3661375731045729,0.5450829519624886,
1417447576223,0.1385546859116991,0.29258776463962705,0.5488422068671573,
1419564604376,0.21154651922439266,0.32461828029883605,0.5454281369773375,
1418728036002,0.3461593189577134,0.3721848482731562,0.5472284595985556,
1418402290118,0.5237387088411704,0.464091579251798,0.5467563459914141,
1417442908669,0.13703992875107252,0.2560838057251263,0.548866528665147,
1418180820206,0.5186911444715306,0.4948489638538181,0.5462241871721196,
1419286084159,0.1576342306211138,0.27221412885690316,0.5454503749111274,
1418900059418,0.2517078920309025,0.3908370124574838,0.5463390421550519,
1418896399510,0.25070524053094123,0.39088820277080977,0.5463011426768263,
1418892739369,0.24598421718330582,0.3920024264965916,0.5462540551736836,
1418889079275,0.2467260822427046,0.39272510587368903,0.5463518736721352,
1422324878019,0.8446283495304121,0.8351277134408214,0.5471286195758657,
1422039032178,0.941715240193582,0.8883005634385711,0.5464372931359808,
1418881759225,0.25001254120275285,0.38584943501964036,0.5468236132320834,
1418398630001,0.5271144297626676,0.47020336801632806,0.5467346163913847,
1418665829777,0.5081630166061406,0.4538258203495156,0.5469241212973395,
1418351049257,0.5345841114979356,0.49041101121881087,0.5465106709334301,
1420701907762,0.42621642288845435,0.474280301361404,0.5441476467219031,
1417659518192,0.09690911113034574,0.4038255939191944,0.5474035551688091,
1422555463034,0.9006545156278258,0.746012437899327,0.547182949352778,
1419026219438,0.26504033480353256,0.37127239713232857,0.545159485800617,
1420786089534,0.3880722162142699,0.4865744193697886,0.5438888246542112,
1419359285407,0.1850694583481707,0.29895348733693994,0.5453171041456009,
1418867119015,0.21246896555680655,0.3521255672121133,0.5469267621166579,
1421712670008,0.7683071465541067,0.8046557559795157,0.545049036748859,
1418863458820,0.21306013276902355,0.34773843694903656,0.5469043166525216,
1418720716152,0.33359511304524225,0.3599592083224809,0.5470304189859136,
1422020731780,0.9548043120114957,0.933601809856468,0.547140938092179,
1420694587664,0.4201595987458553,0.46343862072629016,0.5441853818234148,
1421866392641,0.8618211732574373,0.8851881857384176,0.5450892959806618,
1421826131867,0.8800489783983193,0.9268436177445474,0.5452279419042346,
1420749488591,0.3905330924644665,0.47415942728713006,0.5438791151468167,
1420562152830,0.34829847102191586,0.4698767388798877,0.5443928179639149,
1420419300936,0.20666709995472005,0.3369230584804677,0.5445341135917457,
1418713395682,0.3453977061241508,0.36348354949939576,0.547003580491711,
1418951300314,0.22833364169863413,0.3800103478458877,0.5457515259974618,
1421796851219,0.8410102077428853,0.8947972571240614,0.5452049993814245,
1417134259438,0.3156166514790497,0.28474308453962777,0.5494824115837386,
1418980580944,0.23730474310345048,0.3843608571409854,0.545756917813082,
1418698755334,0.346872038836042,0.36306875774859704,0.5469861189687005,
1421034973984,0.41359462834120503,0.5480203978633201,0.543697411388631,
1419883030266,0.20195317518610992,0.3182729573999975,0.5451124894298166,
1418724375912,0.3361844723180294,0.3726207693919526,0.547257814055571,
1418695095292,0.35047525250846046,0.3571626758157282,0.547032092020183,
1420584112267,0.4457544809684399,0.51907409788151,0.5444057453280701,
1418684115133,0.3424629471602071,0.3454362313117073,0.547066109033702,
1418680455049,0.3455337238443123,0.34349460501295814,0.5470477460547978,
1417998677305,0.10278355654959154,0.3130408651736508,0.5469314153441279,
1422028052028,0.9417884510765142,0.9171738741721387,0.5466919695482835,
1418676794915,0.38509664658383974,0.38647432473993426,0.5469806042927144,
1418662159785,0.5056568734076637,0.43817746969923943,0.5468018979993444,
1418654834563,0.4998342413912476,0.42015357529014635,0.5468033999928766,
1418206440729,0.523563477984116,0.5014106578973964,0.5461566886148272,
1421811491626,0.846040260895373,0.898173093590614,0.5451952196539737,
1418969600705,0.2327585850554749,0.38525168463193826,0.545718020646816,
1418005997250,0.10154273056815623,0.3377608972121904,0.5468113756082745,
1418731696145,0.3487495669637716,0.3889169163243242,0.5474206400003148,
1418632874319,0.5123986890154669,0.4526074857482654,0.54683225819332,
1417336766688,0.08137067219381036,0.19203033768461403,0.5490752017693777,
1417134814384,0.3156166514790497,0.28474308453962777,0.5494824115837386,
1417366047090,0.0815246513984441,0.19223765580155788,0.5490492979275383,
1422258837370,0.9366742865552673,0.91264197113762,0.5476607545171692,
1422559123132,0.8992742308592349,0.7454792086405843,0.5470608071580428,
1418090808258,0.3142505416828734,0.37155259921120865,0.5461810188192444,
1418621893957,0.498909244462108,0.447280972100737,0.5467533088493145,
1421804171451,0.8322991033535209,0.8870051389133954,0.5451721408691348,
1417815453195,0.10089878240148781,0.3255397164996364,0.546946604140189,
1418354709277,0.5309316558383372,0.48905814846036105,0.5465251672919188,
1417182395264,0.29739585868614166,0.2644371231077504,0.5492854285327231,
1421115495575,0.462264277620456,0.5990972192005073,0.5438097599954794,
1418874439117,0.22799460550927803,0.37543629410981383,0.5469554621957136,
1421097195122,0.44305609753858044,0.5889477039788397,0.5436761534971475,
1418112768454,0.32370640557474273,0.3915910906421481,0.5459903176703046,
1418625554068,0.5047705045319144,0.4518874227977606,0.5467579140017493,
1418610913830,0.48772861794578215,0.4412634418743038,0.5467948299047313,
1417420947917,0.005562143298209445,0.13109341937851565,0.5492498065794355,
1420470655873,0.25153986999500805,0.4112936384029628,0.544478887986179,
1420416182168,0.20666709995472005,0.3369230584804677,0.5445341135917457,
1417409967560,0.0119912285557529,0.12442840139116344,0.5492203349832872,
1417738740543,0.09437638219745789,0.3812174730420222,0.5472973395997025,
1418427910699,0.5144983908307732,0.4722600460994961,0.546701695802778,
1419297064293,0.16052128305561958,0.27706219623868383,0.5454934207954195,
1420437710329,0.24785986414881656,0.3923103249127308,0.5444758683906458,
1417804473170,0.1005543824931571,0.3237343802330864,0.5469233406007233,
1417771681043,0.09446856414980649,0.3733039146260755,0.5471693378595677,
1418311565231,0.5288372177276912,0.4505489197699776,0.5465203818388793,
1421738290608,0.7686462844010437,0.8117510083084655,0.5452452867195918,
1418702415962,0.3459076714094907,0.3656228846563902,0.5469910115459748,
1418391309855,0.5292336069374151,0.47163574827787536,0.5467404900218336,
1417355070010,0.0815017049538116,0.19220999411409512,0.5490679547026887,
1418914699725,0.2571983976117771,0.4099677165640739,0.5458883412785684,
1417742401098,0.09284925622819704,0.3783421895121458,0.5471807490297618,
1418373010365,0.5214962312240858,0.46429299299570564,0.5464494757481562,
1417391672488,0.0834319032516461,0.18111245643659052,0.5491547402010094,
1418420590426,0.5141497645163947,0.47059205128774556,0.5467018811599951,
1419579244551,0.22417616361144085,0.33478128099473087,0.5454157981928558,
1421818811763,0.8486185437170105,0.9038564667693945,0.5452023578411966,
1417259905002,0.08093567897661293,0.1913745784788572,0.549094613840448,
1417300165730,0.08096307021395048,0.19140142057475212,0.549057266740216,
1421800511345,0.8371097560416149,0.8933319723320113,0.5452134205411723,
1421694369883,0.7711689580008276,0.8079360762743578,0.5450690362389403,
1418376669620,0.5308624183228485,0.47546779375923426,0.5465028579348027,
1418343729013,0.5343231860628198,0.4970539020137518,0.5464459750136136,
1418336408871,0.5283420023318715,0.4960593392924536,0.5464482322945508,
1418925679979,0.23284260005965596,0.3632853646392214,0.5459128269162148,
1419015239160,0.248291038754773,0.3800783623177008,0.5452328053167677,
1418162519793,0.5248057199733936,0.5035248605743798,0.5461692547128958,
1418325429010,0.5293284110027358,0.4932331296641272,0.5464073121228255,
1419919630989,0.21581142613794235,0.3525940402936011,0.5450686107305384,
1420649993954,0.44485841126326353,0.49834035865995213,0.5440756189451678,
1417318466294,0.08135016773065636,0.19200533512865925,0.5490911172558753,
1418973260822,0.2365899805858989,0.39331896181611015,0.5456934628675196,
1421639468872,0.7644921306289334,0.8097724324844953,0.5451563147769518,
1417462216408,0.08388278069561755,0.4270662643066941,0.5487874901677517,
1418416931048,0.5178617583938436,0.4757769495743536,0.5466734231904922,
1419846429712,0.3058584094908425,0.37504776814461455,0.545037103799961,
1417292846569,0.08095121933615182,0.19139354365827138,0.54906340449956,
1418383989747,0.5368318616383096,0.48558243828478537,0.5465994731738706,
1418885419273,0.25499335386271077,0.3931186892397677,0.5468071619237639,
1417138475551,0.31736226467532863,0.27975939707329656,0.5493997582127848,
1417406308520,0.011205372024335376,0.12440114609321332,0.5492268047263255,
1419450786957,0.18661805024401557,0.2820479961016807,0.545383369713912,
1419824469075,0.3027882707767493,0.3841552585619913,0.5452139016583422,
1418870778943,0.2319230679718344,0.36820524778780567,0.547007891638562,
1418735356133,0.3487495669637716,0.3889169163243242,0.5474206400003148,
1421170396781,0.5216522209515603,0.6145729308719425,0.5440057425144448,
1419355625389,0.18837128658867414,0.3005715167471869,0.5453124988190245,
1418210100700,0.5191629887854796,0.49110352565755033,0.5461314246120839,
1420639013756,0.4164740583138183,0.49785600357288734,0.5441044106802384,
1420609732851,0.4326606785344987,0.5032220138028877,0.5444901523616815,
1418076167906,0.31735043218440306,0.3896418919066256,0.546406150116356,
1421741950704,0.7713053247859579,0.8174737148305439,0.5451999817737888,
1417707098872,0.09673722420671162,0.3976894268977448,0.547315429478546,
1419612185277,0.23259025703698424,0.3742052504580193,0.545267776856018,
1419410526329,0.20148628735622695,0.30361585389597695,0.5453404605615443,
1417175075162,0.3037720787271896,0.2678203366010512,0.5491330113482847,
1417178735210,0.29987856581982486,0.259416069279697,0.5492227033554616,
1419289744283,0.16874419426937404,0.28127620223757654,0.545431892098718,
1418202780691,0.5332500075012788,0.5066747217705461,0.5461694381184812,
1422009751675,0.9496481412302296,0.9346295582668801,0.5464767765490085,
1421991451588,0.9588824843628234,0.9354049764785172,0.5460451890429998,
1418989618839,0.23960451475338787,0.3851885731742889,0.5456606113082405,
1420510911643,0.3290019966553078,0.44446587801642296,0.5443139560202004,
1417344091855,0.08130450005501841,0.19195134372060202,0.5491515001855513,
1417191846037,0.26719473363579427,0.2629958942366946,0.5491592490557728,
1422577423371,0.8962869311643925,0.7625814445586963,0.5469281008408786,
1419535323796,0.1815128555648877,0.2788756096738711,0.545417529106692,
1418195465627,0.5299349419979895,0.5281229440104459,0.546266812096645,
1418046257784,0.10361085240458363,0.3480052412871517,0.5465046463420353,
1419373925748,0.18621660797980133,0.28833622170810685,0.5453490827881815,
1419275103946,0.1673432684032232,0.28400420823927786,0.5454948748829009,
1418191800522,0.5236029668927698,0.5100291690614649,0.5462572735809189,
1419362945496,0.19521922269866662,0.2938494154435688,0.5453576842238991,
1418188140310,0.5259100316734648,0.5057980782310758,0.546224648126366,
1418184480135,0.527976535613286,0.5045283822047641,0.5462065124800519,
1420698247772,0.42542531643363474,0.4786745703897235,0.5441429353120826,
1421760250814,0.7898111185659703,0.8699894113023726,0.5451804427910064,
1419308044597,0.1712004705674071,0.29317819448159405,0.5454486235983355,
1418155200238,0.531317094803887,0.5154099482863075,0.5462212847891246,
1417329446471,0.08134708104548369,0.19200199297992773,0.5490945885272582,
1417263565045,0.08084171196521711,0.19127283446857632,0.5492048662632043,
1418362029223,0.5357163718441748,0.48446366556159504,0.5465272304960536,
1422599383884,0.8987060454865241,0.7715885091192307,0.5469645255469808,
1419615845342,0.233381017524362,0.3747440139197465,0.5453047707105221,
1422357818915,0.849425597145023,0.8506331354686771,0.5469564081328547,
1417648538209,0.09493623432259563,0.402655528005422,0.5474390746266857,
1422053672394,0.9444956846947322,0.9129184850537712,0.5466988253878579,
1421148436327,0.4865018159335602,0.6183776904923365,0.5440503120146855,
1419234843275,0.26676073728605926,0.3852224368928059,0.5452912168910429,
1418147879639,0.41911148482928406,0.5073023071933311,0.5463629373403373,
1418169839903,0.5291727345822531,0.5031054554455613,0.5462131049537471,
1418024297512,0.10223748682480066,0.3374568387061598,0.5467292046084401,
1417267225165,0.0808386702494519,0.1912716796629798,0.5491934394022271,
1421892013205,0.8855161544776191,0.8770365083964479,0.544913190988382,
1421902998206,0.8864665529034249,0.88392865677545,0.5449440196588021,
1421155756515,0.49424579881011177,0.6173046693570196,0.5440050343373782,
1418213761078,0.525428593679381,0.49537727370853485,0.5461991474122284,
1422614024293,0.5812508338063186,0.793890729440616,0.5468747551825688,
1418130256451,0.33853334593548945,0.4203054730516141,0.5462049357922529,
1420793409502,0.39100586466717885,0.4900677419326601,0.5439235383676739,
1418120088705,0.3218010497439805,0.38661838626144385,0.5460430313267091,
1421174056883,0.5205339804065823,0.6103389143982257,0.5440025639609722,
1419575584514,0.2119619050182132,0.32560579331818584,0.5454740547210629,
1421837112044,0.8684050166897498,0.9222204963572934,0.5452199129156529,
1418318108720,0.5434360775492199,0.48953998927014725,0.5464454933126925,
1418965940649,0.22965142227532445,0.38110446339634746,0.5457266470560174,
1417819113242,0.10115880514371586,0.3278249261299611,0.5469500644231571,
1418109108535,0.3137063634030625,0.3838054894018451,0.5460393723752845,
1418105448592,0.31279836605233585,0.3717238190163992,0.5459943222068988,
1417417287831,0.01330866731455683,0.12570339010258177,0.5492672970513377,
1421859072537,0.8453125106215738,0.8558452086994272,0.5450232909785325,
1418101788472,0.3154394730464782,0.37819309582323596,0.5460617662143407,
1421789531117,0.8425348392944526,0.8973559913354366,0.5451802135961442,
1417270885152,0.08087452255421809,0.19130554443834705,0.5491579451402135,
1418071878328,0.31368580290553255,0.3863695221985299,0.5464351037095502,
1420551172580,0.34699185913307506,0.4782326135804,0.5444095539219421,
1417186063858,0.30113597255485813,0.26693960308744824,0.5492835165032267,
1417465876536,0.08445509273894394,0.41383376426673485,0.5487593320142854,
1418068218183,0.30364181087617736,0.35688836362909965,0.5464550987783076,
1417768020708,0.09347922186558506,0.38063678080054647,0.5472060467761233,
1417333106606,0.08135592151843328,0.19201222754605182,0.5491057414553504,
1418075538061,0.31735043218440306,0.3896418919066256,0.546406150116356,
1419608525275,0.24558235654195823,0.3740831308076302,0.5452695021008507,
1421197077233,0.591407914924564,0.588253081855321,0.544062714014524,
1417351406906,0.0814787889278021,0.19218238040692553,0.5490869001453761,
1418060898091,0.3062012087570682,0.3359583265671776,0.5463918296740488,
1422496901597,0.8795654641184633,0.8802517951452001,0.547042077331203,
1418976920909,0.2390391425940448,0.3915902653776332,0.545690170749505,
1417746060647,0.09242682266739596,0.37490164910284235,0.54719255554901,
1418053578120,0.10248692291386682,0.3447544878250011,0.5465855478230939,
1417202825616,0.09081789282868151,0.1935951273822267,0.5492419582905608,
1418049917954,0.10331738100849183,0.3404102740235834,0.5465699532316137,
1419018899234,0.2573825341375076,0.3742434075270019,0.5452126388680592,
1418717055787,0.3371637271418778,0.36554422393397784,0.5470057656309917,
1418042597729,0.10478293024117478,0.3476281596787509,0.5465290300990591,
1418933000125,0.22869061907973484,0.37106402454453796,0.5458762556865172,
1421756590800,0.7863236706351249,0.8622800533893895,0.5451164850376906,
1418651174532,0.5068440340595133,0.4252553588340031,0.5467183137015472,
1419388565895,0.19533843108400759,0.2958094258368303,0.545375274823372,
1422504221806,0.867327681310019,0.8686921931683023,0.5470120601040126,
1421771230862,0.790019419161227,0.8755349918358769,0.5451673761074644,
1419458107045,0.17855248600902524,0.2794073180307307,0.545366847269395,
1418020637355,0.10213586590182316,0.33612315338775317,0.5467862153997336,
1417424607911,0.029963854836992876,0.15990762479061657,0.5489286116448151,
1419011579125,0.2478902373202034,0.3827303616915319,0.5452765506139003,
1417160434961,0.3044046366194887,0.27198662300435944,0.5492784262098942,
1419542643915,0.18130256561225003,0.2786255365744183,0.5454902652814196,
1420441370405,0.24692402889077686,0.4065562715787148,0.5444747645587382,
1418013317298,0.1020244389326771,0.3313911485832585,0.5467882526878479,
1420474310988,0.2703759699981359,0.41917334611733126,0.544449375658571,
1418614573770,0.4984660287732,0.4519878648257177,0.5467877625901691,
1417439248214,0.09752140283742597,0.22876565028755302,0.5488905171961981,
1418329088742,0.5319862680874177,0.4989930265510172,0.5463785736246386,
1421745610726,0.7756730697906036,0.8499240365851519,0.5451768817850817,
1420767788887,0.39317214283368657,0.477976465367299,0.54387354127434,
1417822773321,0.10068592907672441,0.3316228842353428,0.5469324500798294,
1419842769597,0.3024914987047374,0.3793344294346619,0.5451679833182826,
1419828129181,0.29911566639268583,0.37641386415568845,0.5451525823810803,
1417797153036,0.10181919727440264,0.3410419027206654,0.5469058096468191,
1421793191139,0.835773029094423,0.8909148811548759,0.5451994197423007,
1417674158472,0.09850467423283735,0.39141334864518346,0.547407096285561,
1420415144628,0.21710962387304422,0.37568555572820095,0.5444977738494049,
1417458556327,0.2043873827317327,0.38220334239461745,0.5487558085463455,
1417153114731,0.3022167082465051,0.2636013251756826,0.5493462078350506,
1418332748784,0.5243196508147624,0.48772337474546124,0.5463902460486064,
1418347389095,0.530974637020711,0.4899615582680421,0.5465101441096987,
1419926951151,0.21311367269774226,0.3463513500644196,0.5450429030746365,
1417681478748,0.09855018576462563,0.3821183634838312,0.5473682062687621,
1418640194390,0.5055926354665108,0.4335001129480862,0.546776377926557,
1418405950225,0.5287583286920787,0.4776929694196773,0.5468322862767911,
1417749720802,0.09325979466080372,0.36968607667817005,0.5471798142646568,
1422233216878,0.9509377915935459,0.9249744532001503,0.5477217677260788,
1419022559276,0.2632994627638494,0.37448457056259093,0.5451885788815318,
1417358727040,0.08134467343546406,0.19199484197357788,0.549105119550065,
1421683389453,0.7611761598061458,0.7924980547183257,0.5450336619502663,
1417666838536,0.09798627598503981,0.39924719585317753,0.5474227809697447,
1417413627751,0.014052782807712412,0.12489152787484016,0.5492528091959257,
1417734098150,0.09424186923084871,0.3849245331267369,0.5473579560096279,
1417362387001,0.08150544946894751,0.19221404853682103,0.5490637438320399,
1419820808977,0.30212303579445926,0.38045321341678656,0.5452182487737839,
1418340069050,0.5302221606455985,0.4965768119689677,0.546499200419831,
1418673134900,0.3932809842440363,0.41364644852607124,0.5469643272057694,
1417451241967,0.185095733471899,0.3315477943076743,0.5487076765195207,
1419304384485,0.16954486747264275,0.2910581947278891,0.5454599475033227,
1418903719623,0.27053900395517266,0.44439121900778994,0.5462711816221403,
1418929339991,0.22917423224222083,0.36330829758512906,0.5458930911282749,
1417696118708,0.09824610674407097,0.3742452346847591,0.5471991134881373,
1421917633591,0.8692707751727239,0.8518664950434996,0.544919137331405,
1420529212097,0.33513889597260976,0.46125013760248434,0.5442757337417502,
1419340985067,0.17242099291686236,0.29387921942776013,0.5453522558803838,
1418709735635,0.33856443949630805,0.3644025908937218,0.5470482556568795,
1417677818545,0.09873544310734261,0.3952008429798743,0.54738762112693,
1422588403667,0.8993490774027821,0.7706916108256239,0.5470369230074523,
1417685138664,0.09806480296290898,0.38721928242726106,0.5473830120568894,
1421924953629,0.8773568880884013,0.8521030038145562,0.5449043891124588,
1420789749480,0.392670955950883,0.49002823806310386,0.5439111264726143,
1418394969959,0.5278857889505041,0.4787797295579951,0.5467599306293561,
1419886690399,0.19952210328341907,0.316721034717247,0.5451177941255743,
1419231183235,0.26402428612016465,0.38530011707795037,0.5452514074228376,
1417402647509,0.0908850972248981,0.11985616965679532,0.5490810212402936,
1419351965286,0.18239252499383057,0.3001534405864834,0.5453202287326268,
1417688798710,0.0980763252032401,0.3830429414803955,0.547314749990296,
1422266157476,0.9109125791552735,0.872742206007207,0.5476095210743692,
1419319024719,0.17401341580213844,0.3037923382864921,0.5454807975309708,
1421643128871,0.7643772494075307,0.8091177842762116,0.5451787311970188,
1420775109113,0.3914965629371641,0.48708390711516836,0.5439048242036681,
1421976811121,0.9513770026545177,0.9387114799589681,0.5457799306254066,
1418173500289,0.5234131091057327,0.49851070980385787,0.5462723069430375,
1418387649880,0.5370660608712859,0.4760858608113438,0.5467019095072236,
1422035372091,0.9351949554262824,0.8893530816147927,0.5464428373718608,
1417285525821,0.0809554518512817,0.19139317169295644,0.5490656225691977,
1421163076704,0.5134221047990187,0.6158915895258208,0.5440882685784011,
1419963551787,0.2670072628331223,0.4187456074913705,0.5448336102649477,
1418358369200,0.5328957875800975,0.48982013463152224,0.5464938960437757,
1418027957493,0.10292688499579476,0.341965742987132,0.5466352573981051,
1417557211442,0.09390027543661428,0.3517259385338059,0.5479473570536998,
1421913973486,0.8745789835803123,0.858018934330034,0.5449175351307327,
1418962280601,0.22561840206558106,0.3817990335192812,0.545755551286032,
1419908650742,0.21284980753569407,0.34254995648172015,0.5450876338186541,
1417134213777,0.3156166514790497,0.28474308453962777,0.5494824115837386,
1418922020224,0.2399742574873442,0.365397775409957,0.5459186697051718,
1422551802931,0.7664759853589093,0.7688267866104022,0.5469253946208378,
1418691435402,0.3504081896838551,0.36605807974927973,0.5470300396793489,
1417369712266,0.08150920200398515,0.1922202653392527,0.5490456557368509,
1420830010497,0.3992198018616925,0.5148471663569313,0.5436411775645441,
1419344645180,0.18733095710751535,0.29636556233991673,0.5453306607984003,
1417431928795,0.13916158649903168,0.2336027719644653,0.5489386365083286,
1420419363000,0.20666709995472005,0.3369230584804677,0.5445341135917457,
1417145794569,0.3108646181315251,0.2674331826507744,0.5494372281526554,
1417388011943,0.08233382571831954,0.1913708868620853,0.549097299424813,
1417377027534,0.0815278986033647,0.19224896925628118,0.5490508055275586,
1421224795382,0.5680891712269126,0.5848430979954551,0.5450084722730926,
1417398987464,0.08909341988564504,0.12416895971404646,0.5491039645597948,
1418129721999,0.3253167393853326,0.38936521894413323,0.5460778429966582,
1419245823396,0.2646138099568127,0.37265050718880555,0.5452676662134007,
1418918359791,0.2571983976117771,0.4099677165640739,0.5458883412785684,
1417395327556,0.07851815502415598,0.11579233307401818,0.5492145668410435,
1422350498582,0.8460974038736478,0.8479439436980336,0.5469389633014523,
1417380687347,0.08133485297156898,0.19196662327665784,0.5490733839772589,
1419033539560,0.26774605143959845,0.3697349326125417,0.5451981839092688,
1422057337447,0.9416945804845351,0.9150982458654998,0.5467912427442962,
1421944861083,0.9190859399671205,0.9279769916887428,0.5452856210108596,
1418603805053,0.5238087523714768,0.47146083810202366,0.5468817548731865,
1421181377112,0.5854928105375136,0.589021656539439,0.5439934308012292,
1417644877858,0.09461997133938226,0.40366930584298544,0.547429757268334,
1418079827994,0.3190413442327342,0.38413411021952004,0.5463748447859309,
1422255177229,0.9515268938488525,0.9196569032194568,0.5477426237020946,
1417757041056,0.09347350268587523,0.36682285958887767,0.5472169284659107,
1418087148107,0.3187834476827126,0.3748647341538978,0.5462519878576702,
1417278205553,0.08087486822116759,0.1913136896146659,0.5491575774838686,
1421980471224,0.9573092807181776,0.946019003376191,0.5459893980890081,
1422269817479,0.8957032332857915,0.8598868871788551,0.5474988438944001,
1421031313897,0.41764426171510655,0.543741787190901,0.543698224178942,
1417210146318,0.07940847482177499,0.18997744543761425,0.5491973120620874,
1418094468340,0.31519242742653175,0.3767874822436117,0.5461656459874756,
1417692458710,0.09743755858470828,0.3794173162567269,0.5472770903067816,
1417811794008,0.10121540439841334,0.3227050572383185,0.5469303314184947,
1419370265637,0.18509853903746468,0.2763522819337183,0.5453508091144964,
1417428268888,0.0777622987586008,0.21644446840287584,0.5489160755267606,
1417311146059,0.08139694523190101,0.19205384542786325,0.5490532280903769,
1418144224415,0.402349451641905,0.5040602164772111,0.5463327368388106,
1417296505618,0.08097274519172275,0.1914175134883,0.5490603871751327,
1417256244912,0.08093593292667886,0.19137980822302697,0.5490873314238826,
1422584743581,0.8997184692642943,0.764491140232255,0.5470291508129402,
1419216543018,0.26141721797392997,0.38059151207027936,0.5451669340238146,
1417670498352,0.09818868700950349,0.38955301513028,0.5474405807444344,
1421108175429,0.4412471512424803,0.5826954688089433,0.5436903804436068,
1417347747244,0.08132876719492359,0.19197760423951488,0.5491232519808864,
1417652198061,0.0951534195298898,0.3990464588619534,0.5474999387186952,
1417553687688,0.0940708420512437,0.351687546732941,0.5480021069353146,
1419330004851,0.17637841353787895,0.306613839664053,0.5453996720588171,
1421224421327,0.5680891712269126,0.5848430979954551,0.5450084722730926,
1417274550252,0.0808622181668938,0.19129997755886033,0.5491725666981909,
1419384905889,0.19509351904644578,0.2952220034619068,0.5453565005494296,
1418166179982,0.5251672318883102,0.5105462787221691,0.54615848450126,
1419326344756,0.17626337053580662,0.3100478660178399,0.5454429543369053,
1420668294182,0.43547964317707444,0.4876920974041615,0.5440534922173255,
1417800813134,0.10113318490916288,0.3357182478160684,0.5469467961229482,
1419549964043,0.1868861664899235,0.2782863677403385,0.5455623658851032,
1421224855442,0.5680891712269126,0.5848430979954551,0.5450084722730926,
1419831789284,0.2952322055726933,0.37876839403842955,0.5451826169295233,
1422603043992,0.8980437975705609,0.7664433688194997,0.5469684539103268,
1418064558130,0.3018375673130608,0.34007629171015014,0.5464346440857946,
1417199166170,0.10449217749683434,0.21136995438290035,0.54918764506248,
1419915970838,0.2087136568211065,0.34402936695193453,0.5450804686375886,
1419315364685,0.1760318036355417,0.2988859402193094,0.5454936674519016,
1418009657411,0.101921617532473,0.33753726168984916,0.5468266912387956,
1418636534296,0.5018018001794222,0.43598960721220753,0.546793858709523,
1417149454617,0.3067734874906449,0.26348894533574013,0.5494219619167202,
